<?xml version="1.0" encoding="utf-8" standalone="yes" ?>
<rss version="2.0" 
  xmlns:content="http://purl.org/rss/1.0/modules/content/" 
  xmlns:dc="http://purl.org/dc/elements/1.1/" 
  xmlns:atom="http://www.w3.org/2005/Atom" 
  xmlns:sy="http://purl.org/rss/1.0/modules/syndication/" 
  xmlns:media="http://search.yahoo.com/mrss/">
  <channel>
    <title>gamoji on Welcome To My Blog</title>
    <link>http://example.org/tags/gamoji/</link>
    <description>Recent content in gamoji on Welcome To My Blog</description>
    <generator>Hugo -- gohugo.io</generator>
    <language>en</language>
    <managingEditor>zzossig@gmail.com (zzossig)</managingEditor>
    <webMaster>zzossig@gmail.com (zzossig)</webMaster>
    <copyright>&amp;copy;{year}, All Rights Reserved</copyright>
    <lastBuildDate>Mon, 16 Dec 2019 12:00:06 +0900</lastBuildDate>
    
        <atom:link href="http://example.org/tags/gamoji/index.xml" rel="self" type="application/rss+xml" />
    
    
    

      
      <item>
        <title>Emoji Support</title>
        <link>http://example.org/posts/emoji-support/</link>
        <pubDate>Mon, 16 Dec 2019 12:00:06 +0900</pubDate>
        <author>zzossig@gmail.com (zzossig)</author>
        <atom:modified>Mon, 16 Dec 2019 12:00:06 +0900</atom:modified>
        <guid>http://example.org/posts/emoji-support/</guid>
        <description>&lt;p&gt;Emoji can be enabled in a Hugo project in a number of ways.&lt;/p&gt;</description>
        
        <dc:creator>Kim</dc:creator>
        
        
        
        
          
            
              <category>emoji</category>
            
          
            
              <category>gamoji</category>
            
          
            
              <category>namoji</category>
            
          
            
              <category>bamoji</category>
            
          
            
              <category>amoji</category>
            
          
        
        
        
      </item>
      

    
  </channel>
</rss>