<?xml version="1.0" encoding="utf-8" standalone="yes" ?>
<rss version="2.0" 
  xmlns:content="http://purl.org/rss/1.0/modules/content/" 
  xmlns:dc="http://purl.org/dc/elements/1.1/" 
  xmlns:atom="http://www.w3.org/2005/Atom" 
  xmlns:sy="http://purl.org/rss/1.0/modules/syndication/" 
  xmlns:media="http://search.yahoo.com/mrss/">
  <channel>
    <title>index on Welcome To My Blog</title>
    <link>http://example.org/tags/index/</link>
    <description>Recent content in index on Welcome To My Blog</description>
    <generator>Hugo -- gohugo.io</generator>
    <language>en</language>
    <managingEditor>zzossig@gmail.com (zzossig)</managingEditor>
    <webMaster>zzossig@gmail.com (zzossig)</webMaster>
    <copyright>&amp;copy;{year}, All Rights Reserved</copyright>
    
        <atom:link href="http://example.org/tags/index/index.xml" rel="self" type="application/rss+xml" />
    
    
    

      
      <item>
        <title>Posts</title>
        <link>http://example.org/posts/</link>
        <pubDate>Mon, 19 Oct 2020 15:05:54 +0000</pubDate>
        <author>zzossig@gmail.com (zzossig)</author>
        
        <guid>http://example.org/posts/</guid>
        <description></description>
        
        <dc:creator>Hugo Authors</dc:creator>
        
        
        
        
          
            
              <category>index</category>
            
          
        
        
        
      </item>
      

    
  </channel>
</rss>