<?xml version="1.0" encoding="utf-8" standalone="yes" ?>
<rss version="2.0" 
  xmlns:content="http://purl.org/rss/1.0/modules/content/" 
  xmlns:dc="http://purl.org/dc/elements/1.1/" 
  xmlns:atom="http://www.w3.org/2005/Atom" 
  xmlns:sy="http://purl.org/rss/1.0/modules/syndication/" 
  xmlns:media="http://search.yahoo.com/mrss/">
  <channel>
    <title>shortcodes on Welcome To My Blog</title>
    <link>http://example.org/tags/shortcodes/</link>
    <description>Recent content in shortcodes on Welcome To My Blog</description>
    <generator>Hugo -- gohugo.io</generator>
    <language>en</language>
    <managingEditor>zzossig@gmail.com (zzossig)</managingEditor>
    <webMaster>zzossig@gmail.com (zzossig)</webMaster>
    <copyright>&amp;copy;{year}, All Rights Reserved</copyright>
    <lastBuildDate>Thu, 19 Dec 2019 12:00:06 +0900</lastBuildDate>
    
        <atom:link href="http://example.org/tags/shortcodes/index.xml" rel="self" type="application/rss+xml" />
    
    
    

      
      <item>
        <title>Rich Content</title>
        <link>http://example.org/posts/rich-content/</link>
        <pubDate>Thu, 19 Dec 2019 12:00:06 +0900</pubDate>
        <author>zzossig@gmail.com (zzossig)</author>
        <atom:modified>Thu, 19 Dec 2019 12:00:06 +0900</atom:modified>
        <guid>http://example.org/posts/rich-content/</guid>
        <description>&lt;p&gt;Hugo ships with several &lt;a href=&#34;https://gohugo.io/content-management/shortcodes/#use-hugo-s-built-in-shortcodes&#34;&gt;Built-in Shortcodes&lt;/a&gt; for rich content, along with a &lt;a href=&#34;https://gohugo.io/about/hugo-and-gdpr/&#34;&gt;Privacy Config&lt;/a&gt; and a set of Simple Shortcodes that enable static and no-JS versions of various social media embeds.&lt;/p&gt;</description>
        
        <dc:creator>Lee</dc:creator>
        <media:content url="http://example.orgimages/feature2/content.png" medium="image"><media:title type="html">featured image</media:title></media:content>
        
        
        
          
            
              <category>shortcodes</category>
            
          
            
              <category>privacy</category>
            
          
        
        
        
      </item>
      

    
  </channel>
</rss>