<?xml version="1.0" encoding="utf-8" standalone="yes" ?>
<rss version="2.0" 
  xmlns:content="http://purl.org/rss/1.0/modules/content/" 
  xmlns:dc="http://purl.org/dc/elements/1.1/" 
  xmlns:atom="http://www.w3.org/2005/Atom" 
  xmlns:sy="http://purl.org/rss/1.0/modules/syndication/" 
  xmlns:media="http://search.yahoo.com/mrss/">
  <channel>
    <title>hugo on Welcome To My Blog</title>
    <link>http://example.org/tags/hugo/</link>
    <description>Recent content in hugo on Welcome To My Blog</description>
    <generator>Hugo -- gohugo.io</generator>
    <language>en</language>
    <managingEditor>zzossig@gmail.com (zzossig)</managingEditor>
    <webMaster>zzossig@gmail.com (zzossig)</webMaster>
    <copyright>&amp;copy;{year}, All Rights Reserved</copyright>
    <lastBuildDate>Wed, 18 Dec 2019 10:33:41 +0900</lastBuildDate>
    
        <atom:link href="http://example.org/tags/hugo/index.xml" rel="self" type="application/rss+xml" />
    
    
    

      
      <item>
        <title>Syntax highlighting</title>
        <link>http://example.org/posts/syntax-highlight/</link>
        <pubDate>Wed, 18 Dec 2019 10:33:41 +0900</pubDate>
        <author>zzossig@gmail.com (zzossig)</author>
        <atom:modified>Wed, 18 Dec 2019 10:33:41 +0900</atom:modified>
        <guid>http://example.org/posts/syntax-highlight/</guid>
        <description>Code Syntax Highlighting Verify the following code blocks render as code blocks and highlight properly. More about tuning syntax highlighting is the Hugo documentation. Diff 1 2 3 4 5 6 7 8 9 10 *** /path/to/original &amp;#39;&amp;#39;timestamp&amp;#39;&amp;#39; --- /path/to/new &amp;#39;&amp;#39;timestamp&amp;#39;&amp;#39; *************** *** 1 **** ! This is a line. --- 1 --- ! This is a replacement line. It is important to spell -removed line +new line *** /path/to/original</description>
        
        <dc:creator>Jeus</dc:creator>
        <media:content url="http://example.orgimages/feature2/color-palette.png" medium="image"><media:title type="html">featured image</media:title></media:content>
        
        
        
          
            
              <category>hugo</category>
            
          
        
        
          
            
              <category>hugo</category>
            
          
        
        
          
            
          
        
      </item>
      

    
  </channel>
</rss>