

  

[{"ENTRYTYPE":"article","abstract":"Lorem ipsum dolor sit amet, consectetur adipiscing elit, sed do eiusmod tempor incididunt ut labore et dolore magna aliqua. Ut enim ad minim veniam, quis nostrud exercitation ullamco laboris nisi ut aliquip ex ea commodo consequat. Duis aute irure dolor in reprehenderit in voluptate velit esse cillum dolore eu fugiat nulla pariatur. Excepteur sint occaecat cupidatat non proident, sunt in culpa qui officia deserunt mollit anim id est laborum.","authors":["zzossig"],"booktitle":null,"id":0,"publication":"abc","publishDate":"2018-06-01T00:00:00Z","shorttitle":null,"tags":null,"title":"Good Title","uri":"http://example.org/publication/article/article_any_folder_name_1/"},{"ENTRYTYPE":"book","abstract":"Donec vel ipsum vulputate, dapibus magna quis, auctor mauris. Aliquam ut dapibus risus. Duis sit amet magna posuere, interdum metus sed, maximus tortor. Maecenas tempus ut magna nec facilisis. Pellentesque vel ultrices nunc, eget ultrices mauris. Ut eget ligula quis purus porta rhoncus eget at eros. In id felis ullamcorper, vehicula ante sed, cursus magna. Curabitur libero nibh, posuere in urna in, viverra pulvinar lectus. Pellentesque rutrum tempus elit at hendrerit. Sed enim est, bibendum in augue iaculis, viverra venenatis sapien. Nullam sagittis augue maximus mi interdum maximus. Praesent a cursus massa.","authors":["zzossig"],"booktitle":null,"id":1,"publication":null,"publishDate":"2017-06-01T00:00:00Z","shorttitle":"Donec vel ipsum vulputate","tags":null,"title":"Donec vel ipsum vulputate, dapibus magna quis","uri":"http://example.org/publication/book/book_any_folder_name_1/"},{"ENTRYTYPE":"misc","abstract":"Duis vulputate odio vitae consectetur lacinia. Vivamus tellus nisi, hendrerit eget tortor eget, rutrum lobortis tellus. Donec convallis scelerisque egestas. Vestibulum ex urna, commodo at interdum vitae, malesuada id arcu. Praesent et enim libero. Proin et felis nisi. Duis imperdiet placerat dapibus.","authors":["zzossig","teemo"],"booktitle":null,"id":2,"publication":"abc","publishDate":"2016-11-01T00:00:00Z","shorttitle":"Book Review","tags":null,"title":"Book Review: Duis vulputate","uri":"http://example.org/publication/misc/misc_any_folder_name_1/"}]