<?xml version="1.0" encoding="utf-8" standalone="yes" ?>
<rss version="2.0" 
  xmlns:content="http://purl.org/rss/1.0/modules/content/" 
  xmlns:dc="http://purl.org/dc/elements/1.1/" 
  xmlns:atom="http://www.w3.org/2005/Atom" 
  xmlns:sy="http://purl.org/rss/1.0/modules/syndication/" 
  xmlns:media="http://search.yahoo.com/mrss/">
  <channel>
    <title>diagram on Welcome To My Blog</title>
    <link>http://example.org/categories/diagram/</link>
    <description>Recent content in diagram on Welcome To My Blog</description>
    <generator>Hugo -- gohugo.io</generator>
    <language>en</language>
    <managingEditor>zzossig@gmail.com (zzossig)</managingEditor>
    <webMaster>zzossig@gmail.com (zzossig)</webMaster>
    <copyright>&amp;copy;{year}, All Rights Reserved</copyright>
    <lastBuildDate>Mon, 18 Nov 2019 21:00:06 +0900</lastBuildDate>
    
        <atom:link href="http://example.org/categories/diagram/index.xml" rel="self" type="application/rss+xml" />
    
    
    

      
      <item>
        <title>Viz support</title>
        <link>http://example.org/posts/test-viz/</link>
        <pubDate>Mon, 18 Nov 2019 21:00:06 +0900</pubDate>
        <author>zzossig@gmail.com (zzossig)</author>
        <atom:modified>Mon, 18 Nov 2019 21:00:06 +0900</atom:modified>
        <guid>http://example.org/posts/test-viz/</guid>
        <description>digraph G { subgraph cluster_0 { style=filled; color=lightgrey; node [style=filled,color=white]; a0 -&amp;gt; a1 -&amp;gt; a2 -&amp;gt; a3; label = &amp;quot;process #1&amp;quot;; } subgraph cluster_1 { node [style=filled]; b0 -&amp;gt; b1 -&amp;gt; b2 -&amp;gt; b3; label = &amp;quot;process #2&amp;quot;; color=blue } start -&amp;gt; a0; start -&amp;gt; b0; a1 -&amp;gt; b3; b2 -&amp;gt; a3; a3 -&amp;gt; a0; a3 -&amp;gt; end; b3 -&amp;gt; end; start [shape=Mdiamond]; end [shape=Msquare]; } </description>
        
        <dc:creator>zzossig</dc:creator>
        <media:content url="http://example.orgimages/feature2/graph.png" medium="image"><media:title type="html">featured image</media:title></media:content>
        
        
        
          
            
          
        
        
          
            
              <category>diagram</category>
            
          
        
        
          
            
          
        
      </item>
      
      <item>
        <title>Wavedrom support</title>
        <link>http://example.org/posts/test-wavedrom/</link>
        <pubDate>Mon, 18 Nov 2019 18:00:06 +0900</pubDate>
        <author>zzossig@gmail.com (zzossig)</author>
        <atom:modified>Mon, 18 Nov 2019 18:00:06 +0900</atom:modified>
        <guid>http://example.org/posts/test-wavedrom/</guid>
        <description>{ &amp;quot;signal&amp;quot;: [ {&amp;quot;name&amp;quot;: &amp;quot;CLK&amp;quot;, &amp;quot;wave&amp;quot;: &amp;quot;p.....|...&amp;quot;}, {&amp;quot;name&amp;quot;:&amp;quot;DAT&amp;quot;, &amp;quot;wave&amp;quot;:&amp;quot;x.345x|=.x&amp;quot;, &amp;quot;data&amp;quot;:[&amp;quot;A&amp;quot;,&amp;quot;B&amp;quot;,&amp;quot;C&amp;quot;,&amp;quot;D&amp;quot;]}, {&amp;quot;name&amp;quot;: &amp;quot;REQ&amp;quot;, &amp;quot;wave&amp;quot;: &amp;quot;0.1..0|1.0&amp;quot;}, {}, {&amp;quot;name&amp;quot;: &amp;quot;ACK&amp;quot;, &amp;quot;wave&amp;quot;: &amp;quot;1.....|01.&amp;quot;} ]} </description>
        
        <dc:creator>zzossig</dc:creator>
        <media:content url="http://example.orgimages/feature1/wave.png" medium="image"><media:title type="html">featured image</media:title></media:content>
        
        
        
          
            
          
        
        
          
            
              <category>diagram</category>
            
          
        
        
          
            
          
        
      </item>
      
      <item>
        <title>Chart support</title>
        <link>http://example.org/posts/test-chartjs/</link>
        <pubDate>Mon, 18 Nov 2019 12:00:06 +0900</pubDate>
        <author>zzossig@gmail.com (zzossig)</author>
        <atom:modified>Mon, 18 Nov 2019 12:00:06 +0900</atom:modified>
        <guid>http://example.org/posts/test-chartjs/</guid>
        <description>{ &amp;quot;type&amp;quot;: &amp;quot;bar&amp;quot;, &amp;quot;data&amp;quot;: { &amp;quot;labels&amp;quot;: [&amp;quot;One&amp;quot;, &amp;quot;Two&amp;quot;, &amp;quot;Three&amp;quot;, &amp;quot;Four&amp;quot;, &amp;quot;Five&amp;quot;, &amp;quot;Six&amp;quot;], &amp;quot;datasets&amp;quot;: [{ &amp;quot;label&amp;quot;: &amp;quot;# of Votes&amp;quot;, &amp;quot;data&amp;quot;: [12, 19, 3, 5, 3, 8] }] } } { &amp;quot;type&amp;quot;: &amp;quot;line&amp;quot;, &amp;quot;data&amp;quot;: { &amp;quot;labels&amp;quot;: [&amp;quot;One&amp;quot;, &amp;quot;Two&amp;quot;, &amp;quot;Three&amp;quot;, &amp;quot;Four&amp;quot;, &amp;quot;Five&amp;quot;, &amp;quot;Six&amp;quot;], &amp;quot;datasets&amp;quot;: [ { &amp;quot;label&amp;quot;: &amp;quot;# of Votes&amp;quot;, &amp;quot;data&amp;quot;: [12, 19, 3, 5, 2, 3], &amp;quot;backgroundColor&amp;quot;:&amp;quot;transparent&amp;quot;, &amp;quot;borderColor&amp;quot;:&amp;quot;orange&amp;quot; }, { &amp;quot;label&amp;quot;: &amp;quot;Some other set&amp;quot;, &amp;quot;data&amp;quot;: [15, 8, 13, 5, 5, 9], &amp;quot;backgroundColor&amp;quot;:&amp;quot;transparent&amp;quot;, &amp;quot;borderColor&amp;quot;:&amp;quot;#44ccff&amp;quot; } ] } } </description>
        
        <dc:creator>zzossig</dc:creator>
        <media:content url="http://example.orgimages/feature1/graph.png" medium="image"><media:title type="html">featured image</media:title></media:content>
        
        
        
          
            
          
        
        
          
            
              <category>diagram</category>
            
          
        
        
          
            
          
        
      </item>
      
      <item>
        <title>JS Sequence Diagram support</title>
        <link>http://example.org/posts/test-js-sequence-diagrams/</link>
        <pubDate>Mon, 18 Nov 2019 12:00:06 +0900</pubDate>
        <author>zzossig@gmail.com (zzossig)</author>
        <atom:modified>Mon, 18 Nov 2019 12:00:06 +0900</atom:modified>
        <guid>http://example.org/posts/test-js-sequence-diagrams/</guid>
        <description>Alice-&amp;gt;Bob: Hello Bob, how are you? Note right of Bob: Bob thinks Bob--&amp;gt;Alice: I am good thanks! Title: Here is a title A-&amp;gt;B: Normal line B--&amp;gt;C: Dashed line C-&amp;gt;&amp;gt;D: Open arrow D--&amp;gt;&amp;gt;A: Dashed open arrow </description>
        
        <dc:creator>zzossig</dc:creator>
        <media:content url="http://example.orgimages/feature2/transfer.png" medium="image"><media:title type="html">featured image</media:title></media:content>
        
        
        
          
            
          
        
        
          
            
              <category>diagram</category>
            
          
        
        
          
            
          
        
      </item>
      
      <item>
        <title>Mermaid support</title>
        <link>http://example.org/posts/test-mermaid/</link>
        <pubDate>Sun, 17 Nov 2019 12:00:06 +0900</pubDate>
        <author>zzossig@gmail.com (zzossig)</author>
        <atom:modified>Sun, 17 Nov 2019 12:00:06 +0900</atom:modified>
        <guid>http://example.org/posts/test-mermaid/</guid>
        <description>graph TD; A--&amp;gt;B; A--&amp;gt;C; B--&amp;gt;D; C--&amp;gt;D; sequenceDiagram participant Alice participant Bob Alice-&amp;gt;John: Hello John, how are you? loop Healthcheck John-&amp;gt;John: Fight against hypochondria end Note right of John: Rational thoughts &amp;lt;br/&amp;gt;prevail... John--&amp;gt;Alice: Great! John-&amp;gt;Bob: How about you? Bob--&amp;gt;John: Jolly good! graph TD A[Hard] --&amp;gt;|Text| B(Round) B --&amp;gt; C{Decision} C --&amp;gt;|One| D[Result 1] C --&amp;gt;|Two| E[Result 2] gantt section Section Completed :done, des1, 2014-01-06,2014-01-08 Active :active, des2, 2014-01-07, 3d Parallel 1 : des3, after des1, 1d Parallel 2 : des4, after des1, 1d Parallel 3 : des5, after des3, 1d Parallel 4 : des6, after des4, 1d classDiagram Class01 &amp;lt;|-- AveryLongClass : Cool &amp;lt;&amp;lt;interface&amp;gt;&amp;gt; Class01 Class09 --&amp;gt; C2 : Where am i?</description>
        
        <dc:creator>zzossig</dc:creator>
        <media:content url="http://example.orgimages/feature2/workflow.png" medium="image"><media:title type="html">featured image</media:title></media:content>
        
        
        
          
            
              <category>diagram</category>
            
          
        
        
          
            
              <category>diagram</category>
            
          
        
        
          
            
          
        
      </item>
      
      <item>
        <title>Flowchart support</title>
        <link>http://example.org/posts/test-flowchart/</link>
        <pubDate>Thu, 14 Nov 2019 12:00:06 +0900</pubDate>
        <author>zzossig@gmail.com (zzossig)</author>
        <atom:modified>Thu, 14 Nov 2019 12:00:06 +0900</atom:modified>
        <guid>http://example.org/posts/test-flowchart/</guid>
        <description>st=&amp;gt;start: Start|past:&amp;gt;http://www.google.com[blank] e=&amp;gt;end: End|future:&amp;gt;http://www.google.com op1=&amp;gt;operation: My Operation|past op2=&amp;gt;operation: Stuff|current sub1=&amp;gt;subroutine: My Subroutine|invalid cond=&amp;gt;condition: Yes or No?|approved:&amp;gt;http://www.google.com c2=&amp;gt;condition: Good idea|rejected io=&amp;gt;inputoutput: catch something...|future st-&amp;gt;op1(right)-&amp;gt;cond cond(yes, right)-&amp;gt;c2 cond(no)-&amp;gt;sub1(left)-&amp;gt;op1 c2(yes)-&amp;gt;io-&amp;gt;e c2(no)-&amp;gt;op2-&amp;gt;e </description>
        
        <dc:creator>zzossig</dc:creator>
        <media:content url="http://example.orgimages/feature1/flowchart.png" medium="image"><media:title type="html">featured image</media:title></media:content>
        
        
        
          
            
          
        
        
          
            
              <category>diagram</category>
            
          
        
        
          
            
          
        
      </item>
      

    
  </channel>
</rss>