<?xml version="1.0" encoding="utf-8" standalone="yes" ?>
<rss version="2.0" 
  xmlns:content="http://purl.org/rss/1.0/modules/content/" 
  xmlns:dc="http://purl.org/dc/elements/1.1/" 
  xmlns:atom="http://www.w3.org/2005/Atom" 
  xmlns:sy="http://purl.org/rss/1.0/modules/syndication/" 
  xmlns:media="http://search.yahoo.com/mrss/">
  <channel>
    <title>Showcase overview on Welcome To My Blog</title>
    <link>http://example.org/showcase/</link>
    <description>Recent content in Showcase overview on Welcome To My Blog</description>
    <generator>Hugo -- gohugo.io</generator>
    <language>en</language>
    <managingEditor>zzossig@gmail.com (zzossig)</managingEditor>
    <webMaster>zzossig@gmail.com (zzossig)</webMaster>
    <copyright>&amp;copy;{year}, All Rights Reserved</copyright>
    <lastBuildDate>Sun, 19 Jan 2020 15:43:38 +0900</lastBuildDate>
    
        <atom:link href="http://example.org/showcase/index.xml" rel="self" type="application/rss+xml" />
    
    
    

      
      <item>
        <title>Hugo</title>
        <link>http://example.org/showcase/hugo/</link>
        <pubDate>Sun, 19 Jan 2020 21:04:11 +0900</pubDate>
        <author>zzossig@gmail.com (zzossig)</author>
        <atom:modified>Sun, 19 Jan 2020 21:04:11 +0900</atom:modified>
        <guid>http://example.org/showcase/hugo/</guid>
        <description></description>
        
        <dc:creator>zzossig</dc:creator>
        
        
        
        
        
        
      </item>
      

    
  </channel>
</rss>