[{"content":"Why trends beat peanut butter on pancakes. How cheap clths aren\u0026rsquo;t as bad as you think. The 20 worst plus size dresses in history. How fashion collections are the new fashion collections. If you read one article about plus size dresses read this one. Why women cloths are the new black. 14 facts about stylists that\u0026rsquo;ll keep you up at night. Why the world would end without stylists. How women cloths aren\u0026rsquo;t as bad as you think. 18 facts about cloth accessories that\u0026rsquo;ll keep you up at night.\n6 ideas you can steal from cloth accessories. 20 great articles about summer outfits. 7 facts about plus size dresses that will impress your friends. Why you\u0026rsquo;ll never succeed at spring dresses. How to be unpopular in the fashion designer world. The complete beginner\u0026rsquo;s guide to clothing websites. 12 ways dress shops could leave you needing a lawyer. 5 facts about spring dresses that\u0026rsquo;ll keep you up at night. Why the world would end without unique dresses. 11 ideas you can steal from fashion magazines.\n","description":"This is my first description so am hoping its gonnna work. Please","id":3,"section":"posts","tags":["coding","nice","",""],"title":"Uenr","uri":"http://example.org/posts/uenr/"},{"content":"Just another blog post\n","description":"Sample article showcasing basic Markdown syntax and formatting for HTML elements.","id":4,"section":"posts","tags":["markdown","css","html","themes"],"title":"Markdown Syntax Guide","uri":"http://example.org/posts/hello-world/"},{"content":"Markdownify box This is boxmd shortcode Simple box This is **box** shortcode  Code tabs Make it easy to switch between different code\njava javascript  1  System.out.println(\u0026#39;Hello World!\u0026#39;);     1  console.log(\u0026#39;Hello World!\u0026#39;);       'use strict'; var containerId = JSON.parse(\"\\\"d96f892eb0443615\\\"\"); var containerElem = document.getElementById(containerId); var codetabLinks = null; var codetabContents = null; var ids = []; if (containerElem) { codetabLinks = containerElem.querySelectorAll('.codetab__link'); codetabContents = containerElem.querySelectorAll('.codetab__content'); } for (var i = 0; i 0) { codetabContents[0].style.display = 'block'; }  Tabs for general purpose Windows MacOS Ubuntu  Windows section 1  console.log(\u0026#39;Hello World!\u0026#39;);   ⚠️Becareful that the content in the tab should be different from each other. The tab makes unique id hashes depending on the tab contents. So, If you just copy-paste the tabs with multiple times, since it has the same contents, the tab will not work.\n MacOS section Hello world!  Ubuntu section Great!    'use strict'; var containerId = JSON.parse(\"\\\"0fa06ef53ae6dc58\\\"\"); var containerElem = document.getElementById(containerId); var tabLinks = null; var tabContents = null; var ids = []; if (containerElem) { tabLinks = containerElem.querySelectorAll('.tab__link'); tabContents = containerElem.querySelectorAll('.tab__content'); } for (var i = 0; i 0) { tabContents[0].style.display = 'block'; }  Expand   Expand me  Title contents     Expand me2  Title2 contents2   Alert Colored box\nthis is a text this is a text this is a text this is a text Notice success text  info text  warning text  error text  ","description":"tabs, code-tabs, expand, alert, warning, notice, img, box","id":5,"section":"posts","tags":["shortcode"],"title":"Shortcodes","uri":"http://example.org/posts/shortcodes/"},{"content":"This article offers a sample of basic Markdown syntax that can be used in Hugo content files, also it shows whether basic HTML elements are decorated with CSS in a Hugo theme.\nHeadings The following HTML \u0026lt;h1\u0026gt;—\u0026lt;h6\u0026gt; elements represent six levels of section headings. \u0026lt;h1\u0026gt; is the highest section level while \u0026lt;h6\u0026gt; is the lowest.\nH1 H2 H3 H4 H5 H6 Paragraph Xerum, quo qui aut unt expliquam qui dolut labo. Aque venitatiusda cum, voluptionse latur sitiae dolessi aut parist aut dollo enim qui voluptate ma dolestendit peritin re plis aut quas inctum laceat est volestemque commosa as cus endigna tectur, offic to cor sequas etum rerum idem sintibus eiur? Quianimin porecus evelectur, cum que nis nust voloribus ratem aut omnimi, sitatur? Quiatem. Nam, omnis sum am facea corem alique molestrunt et eos evelece arcillit ut aut eos eos nus, sin conecerem erum fuga. Ri oditatquam, ad quibus unda veliamenimin cusam et facea ipsamus es exerum sitate dolores editium rerore eost, temped molorro ratiae volorro te reribus dolorer sperchicium faceata tiustia prat.\nItatur? Quiatae cullecum rem ent aut odis in re eossequodi nonsequ idebis ne sapicia is sinveli squiatum, core et que aut hariosam ex eat.\nBlockquotes The blockquote element represents content that is quoted from another source, optionally with a citation which must be within a footer or cite element, and optionally with in-line changes such as annotations and abbreviations.\nBlockquote without attribution  Tiam, ad mint andaepu dandae nostion secatur sequo quae.\nNote that you can use Markdown syntax within a blockquote.\n Blockquote with attribution  Don\u0026rsquo;t communicate by sharing memory, share memory by communicating.\n— Rob Pike1\n Tables Tables aren\u0026rsquo;t part of the core Markdown spec, but Hugo supports supports them out-of-the-box.\n   Name Age     Bob 27   Alice 23    Inline Markdown within tables    Inline  Markdown  In  Table     italics bold strikethrough  code    Code Blocks Code block with backticks html \u0026lt;!DOCTYPE html\u0026gt; \u0026lt;html lang=\u0026quot;en\u0026quot;\u0026gt; \u0026lt;head\u0026gt; \u0026lt;meta charset=\u0026quot;UTF-8\u0026quot;\u0026gt; \u0026lt;title\u0026gt;Example HTML5 Document\u0026lt;/title\u0026gt; \u0026lt;/head\u0026gt; \u0026lt;body\u0026gt; \u0026lt;p\u0026gt;Test\u0026lt;/p\u0026gt; \u0026lt;/body\u0026gt; \u0026lt;/html\u0026gt; Code block indented with four spaces \u0026lt;!DOCTYPE html\u0026gt; \u0026lt;html lang=\u0026quot;en\u0026quot;\u0026gt; \u0026lt;head\u0026gt; \u0026lt;meta charset=\u0026quot;UTF-8\u0026quot;\u0026gt; \u0026lt;title\u0026gt;Example HTML5 Document\u0026lt;/title\u0026gt; \u0026lt;/head\u0026gt; \u0026lt;body\u0026gt; \u0026lt;p\u0026gt;Test\u0026lt;/p\u0026gt; \u0026lt;/body\u0026gt; \u0026lt;/html\u0026gt;  Code block with Hugo\u0026rsquo;s internal highlight shortcode 1 2 3 4 5 6 7 8 9 10  \u0026lt;!DOCTYPE html\u0026gt; \u0026lt;html lang=\u0026#34;en\u0026#34;\u0026gt; \u0026lt;head\u0026gt; \u0026lt;meta charset=\u0026#34;UTF-8\u0026#34;\u0026gt; \u0026lt;title\u0026gt;Example HTML5 Document\u0026lt;/title\u0026gt; \u0026lt;/head\u0026gt; \u0026lt;body\u0026gt; \u0026lt;p\u0026gt;Test\u0026lt;/p\u0026gt; \u0026lt;/body\u0026gt; \u0026lt;/html\u0026gt;   List Types Ordered List  First item Second item Third item  Unordered List  List item Another item And another item  Nested list  Item   First Sub-item Second Sub-item  Other Elements — abbr, sub, sup, kbd, mark GIF is a bitmap image format.\nH2O\nXn + Yn: Zn\nPress CTRL+ALT+Delete to end the session.\nMost salamanders are nocturnal, and hunt for insects, worms, and other small creatures.\n The above quote is excerpted from Rob Pike\u0026rsquo;s talk during Gopherfest, November 18, 2015. \u0026#x21a9;\u0026#xfe0e;\n  ","description":"Sample article showcasing basic Markdown syntax and formatting for HTML elements.","id":6,"section":"posts","tags":["markdown","css","html","themes"],"title":"Markdown Syntax Guide","uri":"http://example.org/posts/markdown-syntax/"},{"content":"Hugo ships with several Built-in Shortcodes for rich content, along with a Privacy Config and a set of Simple Shortcodes that enable static and no-JS versions of various social media embeds.\nInstagram Simple Shortcode .__h_instagram.card { font-family: -apple-system,BlinkMacSystemFont,\"Segoe UI\",Roboto,Oxygen-Sans,Ubuntu,Cantarell,\"Helvetica Neue\",sans-serif; font-size: 14px; border: 1px solid rgb(219, 219, 219); padding: 0; margin-top: 30px; } .__h_instagram.card .card-header, .__h_instagram.card .card-body { padding: 10px 10px 10px; } .__h_instagram.card img { width: 100%; height: auto; }  koloot.design   View More on Instagram   YouTube Privacy Enhanced Shortcode   Twitter Simple Shortcode .twitter-tweet { font: 14px/1.45 -apple-system,BlinkMacSystemFont,\"Segoe UI\",Roboto,Oxygen-Sans,Ubuntu,Cantarell,\"Helvetica Neue\",sans-serif; border-left: 4px solid #2b7bb9; padding-left: 1.5em; color: #555; } .twitter-tweet a { color: #2b7bb9; text-decoration: none; } blockquote.twitter-tweet a:hover, blockquote.twitter-tweet a:focus { text-decoration: underline; }  “In addition to being more logical, asymmetry has the advantage that its complete appearance is far more optically effective than symmetry.”\n— Jan Tschichold pic.twitter.com/gcv7SrhvJb\n\u0026mdash; Graphic Design History (@DesignReviewed) January 17, 2019 Vimeo Simple Shortcode  .__h_video { position: relative; padding-bottom: 56.23%; height: 0; overflow: hidden; width: 100%; background: #000; } .__h_video img { width: 100%; height: auto; color: #000; } .__h_video .play { height: 72px; width: 72px; left: 50%; top: 50%; margin-left: -36px; margin-top: -36px; position: absolute; cursor: pointer; }  ","description":"A brief description of Hugo Shortcodes","id":7,"section":"posts","tags":["shortcodes","privacy"],"title":"Rich Content","uri":"http://example.org/posts/rich-content/"},{"content":"Code Syntax Highlighting Verify the following code blocks render as code blocks and highlight properly.\nMore about tuning syntax highlighting is the Hugo documentation.\nDiff 1 2 3 4 5 6 7 8 9 10  *** /path/to/original\t\u0026#39;\u0026#39;timestamp\u0026#39;\u0026#39; --- /path/to/new\t\u0026#39;\u0026#39;timestamp\u0026#39;\u0026#39; *************** *** 1 **** ! This is a line. --- 1 --- ! This is a replacement line. It is important to spell -removed line +new line   *** /path/to/original\t\u0026#39;\u0026#39;timestamp\u0026#39;\u0026#39; --- /path/to/new\t\u0026#39;\u0026#39;timestamp\u0026#39;\u0026#39; *************** *** 1 **** ! This is a line. --- 1 --- ! This is a replacement line. It is important to spell -removed line +new line Makefile CC=gcc CFLAGS=-I. hellomake: hellomake.o hellofunc.o $(CC) -o hellomake hellomake.o hellofunc.o -I. 1 2 3 4 5  CC=gcc CFLAGS=-I. hellomake: hellomake.o hellofunc.o $(CC) -o hellomake hellomake.o hellofunc.o -I.   JSON 1 2 3  {\u0026#34;employees\u0026#34;:[ {\u0026#34;firstName\u0026#34;:\u0026#34;John\u0026#34;, \u0026#34;lastName\u0026#34;:\u0026#34;Doe\u0026#34;}, ]}   Markdown 1 2 3  **bold** *italics* [link](www.example.com)   JavaScript 1  document.write(\u0026#39;Hello, world!\u0026#39;);   CSS 1 2 3  body { background-color: red; }   Objective C 1 2 3 4 5 6  #import \u0026lt;stdio.h\u0026gt;  int main (void) { printf (\u0026#34;Hello world!\\n\u0026#34;); }   Python 1  print \u0026#34;Hello, world!\u0026#34;   XML 1 2 3 4 5  \u0026lt;employees\u0026gt; \u0026lt;employee\u0026gt; \u0026lt;firstName\u0026gt;John\u0026lt;/firstName\u0026gt; \u0026lt;lastName\u0026gt;Doe\u0026lt;/lastName\u0026gt; \u0026lt;/employee\u0026gt; \u0026lt;/employees\u0026gt;   Perl 1  print \u0026#34;Hello, World!\\n\u0026#34;;   Bash 1  echo \u0026#34;Hello World\u0026#34;   PHP 1  \u0026lt;?php echo \u0026#39;\u0026lt;p\u0026gt;Hello World\u0026lt;/p\u0026gt;\u0026#39;; ?\u0026gt;  CoffeeScript 1  console.log(“Hello world!”);   C# 1 2 3 4 5 6 7 8  using System; class Program { public static void Main(string[] args) { Console.WriteLine(\u0026#34;Hello, world!\u0026#34;); } }   C++ 1 2 3 4 5 6 7  #include \u0026lt;iostream.h\u0026gt; main() { cout \u0026lt;\u0026lt; \u0026#34;Hello World!\u0026#34;; return 0; }   SQL 1 2  SELECT column_name,column_name FROM table_name;   Go 1 2 3 4 5  package main import \u0026#34;fmt\u0026#34; func main() { fmt.Println(\u0026#34;Hello, 世界\u0026#34;) }   Ruby 1  puts \u0026#34;Hello, world!\u0026#34;   Java 1 2 3 4 5 6 7 8 9 10 11 12  import javax.swing.JFrame; //Importing class JFrame import javax.swing.JLabel; //Importing class JLabel public class HelloWorld { public static void main(String[] args) { JFrame frame = new JFrame(); //Creating frame  frame.setTitle(\u0026#34;Hi!\u0026#34;); //Setting title frame  frame.add(new JLabel(\u0026#34;Hello, world!\u0026#34;));//Adding text to frame  frame.pack(); //Setting size to smallest  frame.setLocationRelativeTo(null); //Centering frame  frame.setVisible(true); //Showing frame  } }   Latex Equation 1  \\frac{d}{dx}\\left( \\int_{0}^{x} f(u)\\,du\\right)=f(x).   1 2 3 4 5 6 7 8 9 10 11 12 13 14 15 16 17 18 19 20 21 22 23 24 25 26 27 28 29 30 31 32 33 34 35 36 37 38  import {x, y} as p from \u0026#39;point\u0026#39;; const ANSWER = 42; class Car extends Vehicle { constructor(speed, cost) { super(speed); var c = Symbol(\u0026#39;cost\u0026#39;); this[c] = cost; this.intro = `This is a car runs at ${speed}.`; } } for (let num of [1, 2, 3]) { console.log(num + 0b111110111); } function $initHighlight(block, flags) { try { if (block.className.search(/\\bno\\-highlight\\b/) != -1) return processBlock(block.function, true, 0x0F) + \u0026#39; class=\u0026#34;\u0026#34;\u0026#39;; } catch (e) { /* handle exception */ var e4x = \u0026lt;div\u0026gt;Example \u0026lt;p\u0026gt;1234\u0026lt;/p\u0026gt;\u0026lt;/div\u0026gt;; } for (var i = 0 / 2; i \u0026lt; classes.length; i++) { // \u0026#34;0 / 2\u0026#34; should not be parsed as regexp  if (checkCondition(classes[i]) === undefined) return /\\d+[\\s/]/g; } console.log(Array.every(classes, Boolean)); } export $initHighlight;   1 2 3 4 5 6 7 8 9 10 11 12 13 14 15  \u0026lt;!DOCTYPE html\u0026gt; \u0026lt;html lang=\u0026#34;en\u0026#34;\u0026gt; \u0026lt;head\u0026gt; \u0026lt;meta charset=\u0026#34;utf-8\u0026#34;\u0026gt; \u0026lt;title\u0026gt;Hello world\u0026lt;/title\u0026gt; \u0026lt;link href=\u0026#39;http://fonts.googleapis.com/css?family=Roboto:400,400italic,700,700italic\u0026#39; rel=\u0026#39;stylesheet\u0026#39; type=\u0026#39;text/css\u0026#39;\u0026gt; \u0026lt;link rel=\u0026#34;stylesheet\u0026#34; href=\u0026#34;index.css\u0026#34; /\u0026gt; \u0026lt;/head\u0026gt; \u0026lt;body\u0026gt; \u0026lt;div id=\u0026#34;app\u0026#34;\u0026gt;\u0026lt;/div\u0026gt; \u0026lt;script src=\u0026#34;//cdnjs.cloudflare.com/ajax/libs/less.js/2.5.1/less.min.js\u0026#34;\u0026gt;\u0026lt;/script\u0026gt; \u0026lt;script src=\u0026#34;vendor/prism.js\u0026#34;\u0026gt;\u0026lt;/script\u0026gt; \u0026lt;script src=\u0026#34;examples.bundle.js\u0026#34;\u0026gt;\u0026lt;/script\u0026gt; \u0026lt;/body\u0026gt; \u0026lt;/html\u0026gt;   1 2 3 4 5 6 7 8 9 10 11 12 13 14 15 16 17 18 19 20 21 22 23 24 25 26 27 28 29 30 31 32 33 34 35 36 37 38 39 40 41  /********************************************************* * General */ pre[class*=\u0026#34;language-\u0026#34;], code { color: #5c6e74; font-size: 13px; text-shadow: none; font-family: Consolas, Monaco, \u0026#39;Andale Mono\u0026#39;, \u0026#39;Ubuntu Mono\u0026#39;, monospace; direction: ltr; text-align: left; white-space: pre; word-spacing: normal; word-break: normal; line-height: 1.5; tab-size: 4; hyphens: none; } pre[class*=\u0026#34;language-\u0026#34;]::selection, code::selection { text-shadow: none; background: #b3d4fc; } @media print { pre[class*=\u0026#34;language-\u0026#34;], code { text-shadow: none; } } pre[class*=\u0026#34;language-\u0026#34;] { padding: 1em; margin: .5em 0; overflow: auto; background: #f8f5ec; } :not(pre) \u0026gt; code { padding: .1em .3em; border-radius: .3em; color: #db4c69; background: #f9f2f4; }   ","description":"Syntax highlighting test","id":8,"section":"posts","tags":["hugo"],"title":"Syntax highlighting","uri":"http://example.org/posts/syntax-highlight/"},{"content":"We need goldmark katex entension which is not yet we have: [https://github.com/gohugoio/hugo/issues/6544](https://github.com/gohugoio/hugo/issues/6544)  Mathematical notation in a Hugo project can be enabled by using third party JavaScript libraries.\nIn this example we will be using KaTeX\n Create a partial under /layouts/partials/math.html Within this partial reference the Auto-render Extension or host these scripts locally. Include the partial in your templates like so:  {{ if or .Params.math .Site.Params.math }} {{ partial \u0026quot;math.html\u0026quot; . }} {{ end }}  To enable KaTex globally set the parameter math to true in a project\u0026rsquo;s configuration To enable KaTex on a per page basis include the parameter math: true in content files.  Note: Use the online reference of Supported TeX Functions\nExamples Inline math: $$ \\varphi = \\dfrac{1+\\sqrt5}{2}= 1.6180339887… $$\nBlock math:\n$$\n\\varphi = 1+\\frac{1} {1+\\frac{1} {1+\\frac{1} {1+\\cdots} } }\n$$\n","description":"A brief guide to setup KaTeX","id":9,"section":"posts","tags":null,"title":"Math Typesetting","uri":"http://example.org/posts/math-typesetting/"},{"content":"Emoji can be enabled in a Hugo project in a number of ways.\nThe emojify function can be called directly in templates or Inline Shortcodes.\nTo enable emoji globally, set enableEmoji to true in your site’s configuration and then you can type emoji shorthand codes directly in content files; e.g.\n🙈 🙈 🙉 🙉 🙊 🙊\nThe Emoji cheat sheet is a useful reference for emoji shorthand codes.\nN.B. The above steps enable Unicode Standard emoji characters and sequences in Hugo, however the rendering of these glyphs depends on the browser and the platform. To style the emoji you can either use a third party emoji font or a font stack; e.g.\n1 2 3  .emoji { font-family: Apple Color Emoji,Segoe UI Emoji,NotoColorEmoji,Segoe UI Symbol,Android Emoji,EmojiSymbols; }  ","description":"Guide to emoji usage in Hugo","id":10,"section":"posts","tags":["emoji","gamoji","namoji","bamoji","amoji"],"title":"Emoji Support","uri":"http://example.org/posts/emoji-support/"},{"content":"digraph G { subgraph cluster_0 { style=filled; color=lightgrey; node [style=filled,color=white]; a0 -\u0026gt; a1 -\u0026gt; a2 -\u0026gt; a3; label = \u0026quot;process #1\u0026quot;; } subgraph cluster_1 { node [style=filled]; b0 -\u0026gt; b1 -\u0026gt; b2 -\u0026gt; b3; label = \u0026quot;process #2\u0026quot;; color=blue } start -\u0026gt; a0; start -\u0026gt; b0; a1 -\u0026gt; b3; b2 -\u0026gt; a3; a3 -\u0026gt; a0; a3 -\u0026gt; end; b3 -\u0026gt; end; start [shape=Mdiamond]; end [shape=Msquare]; } ","description":"A hack to put Graphviz on the web.","id":11,"section":"posts","tags":[""],"title":"Viz support","uri":"http://example.org/posts/test-viz/"},{"content":"{ \u0026quot;signal\u0026quot;: [ {\u0026quot;name\u0026quot;: \u0026quot;CLK\u0026quot;, \u0026quot;wave\u0026quot;: \u0026quot;p.....|...\u0026quot;}, {\u0026quot;name\u0026quot;:\u0026quot;DAT\u0026quot;, \u0026quot;wave\u0026quot;:\u0026quot;x.345x|=.x\u0026quot;, \u0026quot;data\u0026quot;:[\u0026quot;A\u0026quot;,\u0026quot;B\u0026quot;,\u0026quot;C\u0026quot;,\u0026quot;D\u0026quot;]}, {\u0026quot;name\u0026quot;: \u0026quot;REQ\u0026quot;, \u0026quot;wave\u0026quot;: \u0026quot;0.1..0|1.0\u0026quot;}, {}, {\u0026quot;name\u0026quot;: \u0026quot;ACK\u0026quot;, \u0026quot;wave\u0026quot;: \u0026quot;1.....|01.\u0026quot;} ]} ","description":"WaveDrom is a Free and Open Source online digital timing diagram (waveform) rendering engine that uses javascript, HTML5 and SVG to convert a WaveJSON input text description into SVG vector graphics.","id":12,"section":"posts","tags":[""],"title":"Wavedrom support","uri":"http://example.org/posts/test-wavedrom/"},{"content":"{ \u0026quot;type\u0026quot;: \u0026quot;bar\u0026quot;, \u0026quot;data\u0026quot;: { \u0026quot;labels\u0026quot;: [\u0026quot;One\u0026quot;, \u0026quot;Two\u0026quot;, \u0026quot;Three\u0026quot;, \u0026quot;Four\u0026quot;, \u0026quot;Five\u0026quot;, \u0026quot;Six\u0026quot;], \u0026quot;datasets\u0026quot;: [{ \u0026quot;label\u0026quot;: \u0026quot;# of Votes\u0026quot;, \u0026quot;data\u0026quot;: [12, 19, 3, 5, 3, 8] }] } } { \u0026quot;type\u0026quot;: \u0026quot;line\u0026quot;, \u0026quot;data\u0026quot;: { \u0026quot;labels\u0026quot;: [\u0026quot;One\u0026quot;, \u0026quot;Two\u0026quot;, \u0026quot;Three\u0026quot;, \u0026quot;Four\u0026quot;, \u0026quot;Five\u0026quot;, \u0026quot;Six\u0026quot;], \u0026quot;datasets\u0026quot;: [ { \u0026quot;label\u0026quot;: \u0026quot;# of Votes\u0026quot;, \u0026quot;data\u0026quot;: [12, 19, 3, 5, 2, 3], \u0026quot;backgroundColor\u0026quot;:\u0026quot;transparent\u0026quot;, \u0026quot;borderColor\u0026quot;:\u0026quot;orange\u0026quot; }, { \u0026quot;label\u0026quot;: \u0026quot;Some other set\u0026quot;, \u0026quot;data\u0026quot;: [15, 8, 13, 5, 5, 9], \u0026quot;backgroundColor\u0026quot;:\u0026quot;transparent\u0026quot;, \u0026quot;borderColor\u0026quot;:\u0026quot;#44ccff\u0026quot; } ] } } ","description":"Simple yet flexible JavaScript charting for designers \u0026 developers","id":13,"section":"posts","tags":[""],"title":"Chart support","uri":"http://example.org/posts/test-chartjs/"},{"content":"Alice-\u0026gt;Bob: Hello Bob, how are you? Note right of Bob: Bob thinks Bob--\u0026gt;Alice: I am good thanks! Title: Here is a title A-\u0026gt;B: Normal line B--\u0026gt;C: Dashed line C-\u0026gt;\u0026gt;D: Open arrow D--\u0026gt;\u0026gt;A: Dashed open arrow ","description":"Generates UML sequence diagrams from simple text","id":14,"section":"posts","tags":[""],"title":"JS Sequence Diagram support","uri":"http://example.org/posts/test-js-sequence-diagrams/"},{"content":"graph TD; A--\u0026gt;B; A--\u0026gt;C; B--\u0026gt;D; C--\u0026gt;D; sequenceDiagram participant Alice participant Bob Alice-\u0026gt;John: Hello John, how are you? loop Healthcheck John-\u0026gt;John: Fight against hypochondria end Note right of John: Rational thoughts \u0026lt;br/\u0026gt;prevail... John--\u0026gt;Alice: Great! John-\u0026gt;Bob: How about you? Bob--\u0026gt;John: Jolly good! graph TD A[Hard] --\u0026gt;|Text| B(Round) B --\u0026gt; C{Decision} C --\u0026gt;|One| D[Result 1] C --\u0026gt;|Two| E[Result 2] gantt section Section Completed :done, des1, 2014-01-06,2014-01-08 Active :active, des2, 2014-01-07, 3d Parallel 1 : des3, after des1, 1d Parallel 2 : des4, after des1, 1d Parallel 3 : des5, after des3, 1d Parallel 4 : des6, after des4, 1d classDiagram Class01 \u0026lt;|-- AveryLongClass : Cool \u0026lt;\u0026lt;interface\u0026gt;\u0026gt; Class01 Class09 --\u0026gt; C2 : Where am i? Class09 --* C3 Class09 --|\u0026gt; Class07 Class07 : equals() Class07 : Object[] elementData Class01 : size() Class01 : int chimp Class01 : int gorilla class Class10 { \u0026lt;\u0026lt;service\u0026gt;\u0026gt; int id size() } stateDiagram [*] --\u0026gt; Still Still --\u0026gt; [*] Still --\u0026gt; Moving Moving --\u0026gt; Still Moving --\u0026gt; Crash Crash --\u0026gt; [*] pie \u0026quot;Dogs\u0026quot; : 386 \u0026quot;Cats\u0026quot; : 85 \u0026quot;Rats\u0026quot; : 15 ","description":"Generate diagrams, charts, graphs or flows from markdown-like text via javascript.","id":15,"section":"posts","tags":["diagram"],"title":"Mermaid support","uri":"http://example.org/posts/test-mermaid/"},{"content":"When $a \\ne 0$, there are two solutions to $(ax^2 + bx + c = 0)$ and they are\n$$x = {-b \\pm \\sqrt{b^2-4ac} \\over 2a}.$$\n","description":"A JavaScript display engine for mathematics that works in all browsers.No more setup for readers. It just works.","id":16,"section":"posts","tags":[""],"title":"MathJax support","uri":"http://example.org/posts/test-mathjax/"},{"content":"The following\n$$ \\int_{a}^{b} x^2 dx $$\nIs an integral\n$$ \\varphi = 1+\\frac{1} {1+\\frac{1} {1+\\frac{1} {1+\\cdots} } } $$\nEnable Katex in the config file by setting the katex param to true. This will import the necessary Katex CSS/JS.\nSee the online reference of supported TeX functions.\nNote: For inline math to render correctly, your content file extension must be .mmark. See the official mmark site.\nInline math: $ \\varphi = \\dfrac{1+\\sqrt5}{2}= 1.6180339887… $ Inline math: $ \\varphi = \\dfrac{1+\\sqrt5}{2}= 1.6180339887… $\nBlock math: $$ \\varphi = 1+\\frac{1} {1+\\frac{1} {1+\\frac{1} {1+\\cdots} } } $$ Block math:\n$$ \\varphi = 1+\\frac{1} {1+\\frac{1} {1+\\frac{1} {1+\\cdots} } } $$\n","description":"KaTeX is a fast, easy-to-use JavaScript library for TeX math rendering on the web.","id":17,"section":"posts","tags":[""],"title":"Katex support","uri":"http://example.org/posts/test-katex/"},{"content":"st=\u0026gt;start: Start|past:\u0026gt;http://www.google.com[blank] e=\u0026gt;end: End|future:\u0026gt;http://www.google.com op1=\u0026gt;operation: My Operation|past op2=\u0026gt;operation: Stuff|current sub1=\u0026gt;subroutine: My Subroutine|invalid cond=\u0026gt;condition: Yes or No?|approved:\u0026gt;http://www.google.com c2=\u0026gt;condition: Good idea|rejected io=\u0026gt;inputoutput: catch something...|future st-\u0026gt;op1(right)-\u0026gt;cond cond(yes, right)-\u0026gt;c2 cond(no)-\u0026gt;sub1(left)-\u0026gt;op1 c2(yes)-\u0026gt;io-\u0026gt;e c2(no)-\u0026gt;op2-\u0026gt;e ","description":"flowchart.js is a flowchart DSL and SVG render that runs in the browser and terminal. Nodes and connections are defined in separately so that nodes can be reused and connections can be quickly changed.","id":18,"section":"posts","tags":[""],"title":"Flowchart support","uri":"http://example.org/posts/test-flowchart/"},{"content":"Sample images from Pixabay\n","description":"cartoon gallery","id":19,"section":"gallery","tags":null,"title":"Cartoon","uri":"http://example.org/gallery/cartoon/"},{"content":"Sample images from Pixabay\n","description":"photo gallery","id":20,"section":"gallery","tags":null,"title":"Photo","uri":"http://example.org/gallery/photo/"},{"content":"Written in Go, Hugo is an open source static site generator available under the Apache Licence 2.0. Hugo supports TOML, YAML and JSON data file types, Markdown and HTML content files and uses shortcodes to add rich content. Other notable features are taxonomies, multilingual mode, image processing, custom output formats, HTML/CSS/JS minification and support for Sass SCSS workflows.\nHugo makes use of a variety of open source projects including:\n https://github.com/russross/blackfriday https://github.com/alecthomas/chroma https://github.com/muesli/smartcrop https://github.com/spf13/cobra https://github.com/spf13/viper  Hugo is ideal for blogs, corporate websites, creative portfolios, online magazines, single page applications or even a website with thousands of pages.\nHugo is for people who want to hand code their own website without worrying about setting up complicated runtimes, dependencies and databases.\nWebsites built with Hugo are extremelly fast, secure and can be deployed anywhere including, AWS, GitHub Pages, Heroku, Netlify and any other hosting provider.\nLearn more and contribute on GitHub.\n","description":"Hugo, the world’s fastest framework for building websites","id":25,"section":"","tags":null,"title":"About","uri":"http://example.org/about/"}]