<?xml version="1.0" encoding="utf-8" standalone="yes" ?>
<rss version="2.0" 
  xmlns:content="http://purl.org/rss/1.0/modules/content/" 
  xmlns:dc="http://purl.org/dc/elements/1.1/" 
  xmlns:atom="http://www.w3.org/2005/Atom" 
  xmlns:sy="http://purl.org/rss/1.0/modules/syndication/" 
  xmlns:media="http://search.yahoo.com/mrss/">
  <channel>
    <title>Presentations on Welcome To My Blog</title>
    <link>http://example.org/presentation/</link>
    <description>Recent content in Presentations on Welcome To My Blog</description>
    <generator>Hugo -- gohugo.io</generator>
    <language>en</language>
    <managingEditor>zzossig@gmail.com (zzossig)</managingEditor>
    <webMaster>zzossig@gmail.com (zzossig)</webMaster>
    <copyright>&amp;copy;{year}, All Rights Reserved</copyright>
    <lastBuildDate>Wed, 30 Oct 2019 20:48:10 +0900</lastBuildDate>
    
        <atom:link href="http://example.org/presentation/index.xml" rel="self" type="application/rss+xml" />
    
    
    

      
      <item>
        <title>Fourth</title>
        <link>http://example.org/presentation/dir/fourth/</link>
        <pubDate>Wed, 30 Oct 2019 20:48:10 +0900</pubDate>
        <author>zzossig@gmail.com (zzossig)</author>
        <atom:modified>Wed, 30 Oct 2019 20:48:10 +0900</atom:modified>
        <guid>http://example.org/presentation/dir/fourth/</guid>
        <description></description>
        
        <dc:creator>zzossig</dc:creator>
        <media:content url="http://example.orgimages/feature1/number-four.png" medium="image"><media:title type="html">featured image</media:title></media:content>
        
        
        
          
            
          
        
        
          
            
          
        
        
          
            
          
        
      </item>
      
      <item>
        <title>Third</title>
        <link>http://example.org/presentation/third/</link>
        <pubDate>Wed, 30 Oct 2019 20:46:30 +0900</pubDate>
        <author>zzossig@gmail.com (zzossig)</author>
        <atom:modified>Wed, 30 Oct 2019 20:46:30 +0900</atom:modified>
        <guid>http://example.org/presentation/third/</guid>
        <description></description>
        
        <dc:creator>zzossig</dc:creator>
        <media:content url="http://example.orgimages/feature1/number-three.png" medium="image"><media:title type="html">featured image</media:title></media:content>
        
        
        
          
            
          
        
        
          
            
          
        
        
          
            
          
        
      </item>
      
      <item>
        <title>Second</title>
        <link>http://example.org/presentation/second/</link>
        <pubDate>Wed, 30 Oct 2019 20:45:24 +0900</pubDate>
        <author>zzossig@gmail.com (zzossig)</author>
        <atom:modified>Wed, 30 Oct 2019 20:45:24 +0900</atom:modified>
        <guid>http://example.org/presentation/second/</guid>
        <description></description>
        
        <dc:creator>zzossig</dc:creator>
        <media:content url="http://example.orgimages/feature1/number-two.png" medium="image"><media:title type="html">featured image</media:title></media:content>
        
        
        
          
            
          
        
        
          
            
          
        
        
          
            
          
        
      </item>
      
      <item>
        <title>First</title>
        <link>http://example.org/presentation/first/</link>
        <pubDate>Wed, 30 Oct 2019 19:45:20 +0900</pubDate>
        <author>zzossig@gmail.com (zzossig)</author>
        <atom:modified>Wed, 30 Oct 2019 19:45:20 +0900</atom:modified>
        <guid>http://example.org/presentation/first/</guid>
        <description></description>
        
        <dc:creator>zzossig</dc:creator>
        <media:content url="http://example.orgimages/feature1/number-one.png" medium="image"><media:title type="html">featured image</media:title></media:content>
        
        
        
          
            
          
        
        
          
            
          
        
        
          
            
          
        
      </item>
      

    
  </channel>
</rss>