<?xml version="1.0" encoding="utf-8" standalone="yes" ?>
<rss version="2.0" 
  xmlns:content="http://purl.org/rss/1.0/modules/content/" 
  xmlns:dc="http://purl.org/dc/elements/1.1/" 
  xmlns:atom="http://www.w3.org/2005/Atom" 
  xmlns:sy="http://purl.org/rss/1.0/modules/syndication/" 
  xmlns:media="http://search.yahoo.com/mrss/">
  <channel>
    <title>Series on Hugo Zzo Theme</title>
    <link>http://example.org/ko/series/</link>
    <description>Recent content in Series on Hugo Zzo Theme</description>
    <generator>Hugo -- gohugo.io</generator>
    <language>ko</language>
    <managingEditor>zzossig@gmail.com (zzossig)</managingEditor>
    <webMaster>zzossig@gmail.com (zzossig)</webMaster>
    <copyright>&amp;copy;{year}, All Rights Reserved</copyright>
    
        <atom:link href="http://example.org/ko/series/index.xml" rel="self" type="application/rss+xml" />
    
    
    

      

    
  </channel>
</rss>