<?xml version="1.0" encoding="utf-8" standalone="yes" ?>
<rss version="2.0" 
  xmlns:content="http://purl.org/rss/1.0/modules/content/" 
  xmlns:dc="http://purl.org/dc/elements/1.1/" 
  xmlns:atom="http://www.w3.org/2005/Atom" 
  xmlns:sy="http://purl.org/rss/1.0/modules/syndication/" 
  xmlns:media="http://search.yahoo.com/mrss/">
  <channel>
    <title>Themes Guide on Welcome To My Blog</title>
    <link>http://example.org/series/themes-guide/</link>
    <description>Recent content in Themes Guide on Welcome To My Blog</description>
    <generator>Hugo -- gohugo.io</generator>
    <language>en</language>
    <managingEditor>zzossig@gmail.com (zzossig)</managingEditor>
    <webMaster>zzossig@gmail.com (zzossig)</webMaster>
    <copyright>&amp;copy;{year}, All Rights Reserved</copyright>
    <lastBuildDate>Sun, 18 Oct 2020 15:21:31 +0000</lastBuildDate>
    
        <atom:link href="http://example.org/series/themes-guide/index.xml" rel="self" type="application/rss+xml" />
    
    
    

      
      <item>
        <title>Uenr</title>
        <link>http://example.org/posts/uenr/</link>
        <pubDate>Sun, 18 Oct 2020 15:21:31 +0000</pubDate>
        <author>zzossig@gmail.com (zzossig)</author>
        <atom:modified>Sun, 18 Oct 2020 15:21:31 +0000</atom:modified>
        <guid>http://example.org/posts/uenr/</guid>
        <description>Why trends beat peanut butter on pancakes. How cheap clths aren&amp;rsquo;t as bad as you think. The 20 worst plus size dresses in history. How fashion collections are the new fashion collections. If you read one article about plus size dresses read this one. Why women cloths are the new black. 14 facts about stylists that&amp;rsquo;ll keep you up at night. Why the world would end without stylists. How women cloths aren&amp;rsquo;t as bad as you think.</description>
        
        <dc:creator>ACROMONDx</dc:creator>
        <media:content url="http://example.orgimages/whoami/avatar.jpg" medium="image"><media:title type="html">featured image</media:title></media:content>
        
        
        
          
            
              <category>coding</category>
            
          
            
              <category>nice</category>
            
          
            
          
            
          
        
        
          
            
              <category>Programming</category>
            
          
            
              <category>Foood</category>
            
          
        
        
          
            
              <category>Themes Guide</category>
            
          
        
      </item>
      
      <item>
        <title>Markdown Syntax Guide</title>
        <link>http://example.org/posts/hello-world/</link>
        <pubDate>Mon, 20 Apr 2020 12:00:06 +0900</pubDate>
        <author>zzossig@gmail.com (zzossig)</author>
        <atom:modified>Mon, 20 Apr 2020 12:00:06 +0900</atom:modified>
        <guid>http://example.org/posts/hello-world/</guid>
        <description>Just another blog post</description>
        
        <dc:creator>Choi</dc:creator>
        <media:content url="http://example.orgimages/feature1/markdown.png" medium="image"><media:title type="html">featured image</media:title></media:content>
        
        
        
          
            
              <category>markdown</category>
            
          
            
              <category>css</category>
            
          
            
              <category>html</category>
            
          
            
              <category>themes</category>
            
          
        
        
          
            
              <category>themes</category>
            
          
            
              <category>syntax</category>
            
          
        
        
          
            
              <category>Themes Guide</category>
            
          
        
      </item>
      
      <item>
        <title>Markdown Syntax Guide</title>
        <link>http://example.org/posts/markdown-syntax/</link>
        <pubDate>Fri, 20 Dec 2019 12:00:06 +0900</pubDate>
        <author>zzossig@gmail.com (zzossig)</author>
        <atom:modified>Fri, 20 Dec 2019 12:00:06 +0900</atom:modified>
        <guid>http://example.org/posts/markdown-syntax/</guid>
        <description>&lt;p&gt;This article offers a sample of basic Markdown syntax that can be used in Hugo content files, also it shows whether basic HTML elements are decorated with CSS in a Hugo theme.&lt;/p&gt;</description>
        
        <dc:creator>Choi</dc:creator>
        <media:content url="http://example.orgimages/feature1/markdown.png" medium="image"><media:title type="html">featured image</media:title></media:content>
        
        
        
          
            
              <category>markdown</category>
            
          
            
              <category>css</category>
            
          
            
              <category>html</category>
            
          
            
              <category>themes</category>
            
          
        
        
          
            
              <category>themes</category>
            
          
            
              <category>syntax</category>
            
          
        
        
          
            
              <category>Themes Guide</category>
            
          
        
      </item>
      

    
  </channel>
</rss>