<?xml version="1.0" encoding="utf-8" standalone="yes" ?>
<rss version="2.0" 
  xmlns:content="http://purl.org/rss/1.0/modules/content/" 
  xmlns:dc="http://purl.org/dc/elements/1.1/" 
  xmlns:atom="http://www.w3.org/2005/Atom" 
  xmlns:sy="http://purl.org/rss/1.0/modules/syndication/" 
  xmlns:media="http://search.yahoo.com/mrss/">
  <channel>
    <title>Galleries on Welcome To My Blog</title>
    <link>http://example.org/gallery/</link>
    <description>Recent content in Galleries on Welcome To My Blog</description>
    <generator>Hugo -- gohugo.io</generator>
    <language>en</language>
    <managingEditor>zzossig@gmail.com (zzossig)</managingEditor>
    <webMaster>zzossig@gmail.com (zzossig)</webMaster>
    <copyright>&amp;copy;{year}, All Rights Reserved</copyright>
    <lastBuildDate>Thu, 31 Oct 2019 10:20:16 +0900</lastBuildDate>
    
        <atom:link href="http://example.org/gallery/index.xml" rel="self" type="application/rss+xml" />
    
    
    

      
      <item>
        <title>Cartoon</title>
        <link>http://example.org/gallery/cartoon/</link>
        <pubDate>Thu, 31 Oct 2019 10:20:16 +0900</pubDate>
        <author>zzossig@gmail.com (zzossig)</author>
        <atom:modified>Thu, 31 Oct 2019 10:20:16 +0900</atom:modified>
        <guid>http://example.org/gallery/cartoon/</guid>
        <description>Sample images from Pixabay</description>
        
        <dc:creator>zzossig</dc:creator>
        <media:content url="http://example.orgimages/feature2/bam.png" medium="image"><media:title type="html">featured image</media:title></media:content>
        
        
        
        
        
      </item>
      
      <item>
        <title>Photo</title>
        <link>http://example.org/gallery/photo/</link>
        <pubDate>Thu, 31 Oct 2019 10:20:16 +0900</pubDate>
        <author>zzossig@gmail.com (zzossig)</author>
        <atom:modified>Thu, 31 Oct 2019 10:20:16 +0900</atom:modified>
        <guid>http://example.org/gallery/photo/</guid>
        <description>Sample images from Pixabay</description>
        
        <dc:creator>zzossig</dc:creator>
        <media:content url="http://example.orgimages/feature2/gallery.png" medium="image"><media:title type="html">featured image</media:title></media:content>
        
        
        
        
        
      </item>
      

    
  </channel>
</rss>