<?xml version="1.0" encoding="utf-8" standalone="yes" ?>
<rss version="2.0" 
  xmlns:content="http://purl.org/rss/1.0/modules/content/" 
  xmlns:dc="http://purl.org/dc/elements/1.1/" 
  xmlns:atom="http://www.w3.org/2005/Atom" 
  xmlns:sy="http://purl.org/rss/1.0/modules/syndication/" 
  xmlns:media="http://search.yahoo.com/mrss/">
  <channel>
    <title>shortcode on Welcome To My Blog</title>
    <link>http://example.org/tags/shortcode/</link>
    <description>Recent content in shortcode on Welcome To My Blog</description>
    <generator>Hugo -- gohugo.io</generator>
    <language>en</language>
    <managingEditor>zzossig@gmail.com (zzossig)</managingEditor>
    <webMaster>zzossig@gmail.com (zzossig)</webMaster>
    <copyright>&amp;copy;{year}, All Rights Reserved</copyright>
    <lastBuildDate>Sat, 25 Jan 2020 06:40:51 +0900</lastBuildDate>
    
        <atom:link href="http://example.org/tags/shortcode/index.xml" rel="self" type="application/rss+xml" />
    
    
    

      
      <item>
        <title>Shortcodes</title>
        <link>http://example.org/posts/shortcodes/</link>
        <pubDate>Sat, 25 Jan 2020 06:40:51 +0900</pubDate>
        <author>zzossig@gmail.com (zzossig)</author>
        <atom:modified>Sat, 25 Jan 2020 06:40:51 +0900</atom:modified>
        <guid>http://example.org/posts/shortcodes/</guid>
        <description>Markdownify box This is boxmd shortcode Simple box This is **box** shortcode  Code tabs Make it easy to switch between different code
java javascript  1  System.out.println(&amp;#39;Hello World!&amp;#39;);     1  console.log(&amp;#39;Hello World!&amp;#39;);       &#39;use strict&#39;; var containerId = JSON.parse(&#34;\&#34;d96f892eb0443615\&#34;&#34;); var containerElem = document.getElementById(containerId); var codetabLinks = null; var codetabContents = null; var ids = []; if (containerElem) { codetabLinks = containerElem.</description>
        
        <dc:creator>zzossig</dc:creator>
        <media:content url="http://example.orgimages/feature3/code-file.png" medium="image"><media:title type="html">featured image</media:title></media:content>
        
        
        
          
            
              <category>shortcode</category>
            
          
        
        
          
            
          
        
        
          
            
          
        
      </item>
      

    
  </channel>
</rss>