<?xml version="1.0" encoding="utf-8" standalone="yes" ?>
<rss version="2.0" 
  xmlns:content="http://purl.org/rss/1.0/modules/content/" 
  xmlns:dc="http://purl.org/dc/elements/1.1/" 
  xmlns:atom="http://www.w3.org/2005/Atom" 
  xmlns:sy="http://purl.org/rss/1.0/modules/syndication/" 
  xmlns:media="http://search.yahoo.com/mrss/">
  <channel>
    <title>Series on Welcome To My Blog</title>
    <link>http://example.org/series/</link>
    <description>Recent content in Series on Welcome To My Blog</description>
    <generator>Hugo -- gohugo.io</generator>
    <language>en</language>
    <managingEditor>zzossig@gmail.com (zzossig)</managingEditor>
    <webMaster>zzossig@gmail.com (zzossig)</webMaster>
    <copyright>&amp;copy;{year}, All Rights Reserved</copyright>
    <lastBuildDate>Sun, 18 Oct 2020 15:21:31 +0000</lastBuildDate>
    
        <atom:link href="http://example.org/series/index.xml" rel="self" type="application/rss+xml" />
    
    
    

      
      <item>
        <title>Themes Guide</title>
        <link>http://example.org/series/themes-guide/</link>
        <pubDate>Sun, 18 Oct 2020 15:21:31 +0000</pubDate>
        <author>zzossig@gmail.com (zzossig)</author>
        
        <guid>http://example.org/series/themes-guide/</guid>
        <description></description>
        
        <dc:creator>zzossig</dc:creator>
        
        
        
        
        
        
      </item>
      

    
  </channel>
</rss>