<?xml version="1.0" encoding="utf-8" standalone="yes" ?>
<rss version="2.0" 
  xmlns:content="http://purl.org/rss/1.0/modules/content/" 
  xmlns:dc="http://purl.org/dc/elements/1.1/" 
  xmlns:atom="http://www.w3.org/2005/Atom" 
  xmlns:sy="http://purl.org/rss/1.0/modules/syndication/" 
  xmlns:media="http://search.yahoo.com/mrss/">
  <channel>
    <title>Tags on Welcome To My Blog</title>
    <link>http://example.org/tags/</link>
    <description>Recent content in Tags on Welcome To My Blog</description>
    <generator>Hugo -- gohugo.io</generator>
    <language>en</language>
    <managingEditor>zzossig@gmail.com (zzossig)</managingEditor>
    <webMaster>zzossig@gmail.com (zzossig)</webMaster>
    <copyright>&amp;copy;{year}, All Rights Reserved</copyright>
    <lastBuildDate>Sun, 18 Oct 2020 15:21:31 +0000</lastBuildDate>
    
        <atom:link href="http://example.org/tags/index.xml" rel="self" type="application/rss+xml" />
    
    
    

      
      <item>
        <title>coding</title>
        <link>http://example.org/tags/coding/</link>
        <pubDate>Sun, 18 Oct 2020 15:21:31 +0000</pubDate>
        <author>zzossig@gmail.com (zzossig)</author>
        
        <guid>http://example.org/tags/coding/</guid>
        <description></description>
        
        <dc:creator>zzossig</dc:creator>
        
        
        
        
        
        
      </item>
      
      <item>
        <title>nice</title>
        <link>http://example.org/tags/nice/</link>
        <pubDate>Sun, 18 Oct 2020 15:21:31 +0000</pubDate>
        <author>zzossig@gmail.com (zzossig)</author>
        
        <guid>http://example.org/tags/nice/</guid>
        <description></description>
        
        <dc:creator>zzossig</dc:creator>
        
        
        
        
        
        
      </item>
      
      <item>
        <title>css</title>
        <link>http://example.org/tags/css/</link>
        <pubDate>Mon, 20 Apr 2020 12:00:06 +0900</pubDate>
        <author>zzossig@gmail.com (zzossig)</author>
        
        <guid>http://example.org/tags/css/</guid>
        <description></description>
        
        <dc:creator>zzossig</dc:creator>
        
        
        
        
        
        
      </item>
      
      <item>
        <title>html</title>
        <link>http://example.org/tags/html/</link>
        <pubDate>Mon, 20 Apr 2020 12:00:06 +0900</pubDate>
        <author>zzossig@gmail.com (zzossig)</author>
        
        <guid>http://example.org/tags/html/</guid>
        <description></description>
        
        <dc:creator>zzossig</dc:creator>
        
        
        
        
        
        
      </item>
      
      <item>
        <title>markdown</title>
        <link>http://example.org/tags/markdown/</link>
        <pubDate>Mon, 20 Apr 2020 12:00:06 +0900</pubDate>
        <author>zzossig@gmail.com (zzossig)</author>
        
        <guid>http://example.org/tags/markdown/</guid>
        <description></description>
        
        <dc:creator>zzossig</dc:creator>
        
        
        
        
        
        
      </item>
      
      <item>
        <title>themes</title>
        <link>http://example.org/tags/themes/</link>
        <pubDate>Mon, 20 Apr 2020 12:00:06 +0900</pubDate>
        <author>zzossig@gmail.com (zzossig)</author>
        
        <guid>http://example.org/tags/themes/</guid>
        <description></description>
        
        <dc:creator>zzossig</dc:creator>
        
        
        
        
        
        
      </item>
      
      <item>
        <title>shortcode</title>
        <link>http://example.org/tags/shortcode/</link>
        <pubDate>Sat, 25 Jan 2020 06:40:51 +0900</pubDate>
        <author>zzossig@gmail.com (zzossig)</author>
        
        <guid>http://example.org/tags/shortcode/</guid>
        <description></description>
        
        <dc:creator>zzossig</dc:creator>
        
        
        
        
        
        
      </item>
      
      <item>
        <title>privacy</title>
        <link>http://example.org/tags/privacy/</link>
        <pubDate>Thu, 19 Dec 2019 12:00:06 +0900</pubDate>
        <author>zzossig@gmail.com (zzossig)</author>
        
        <guid>http://example.org/tags/privacy/</guid>
        <description></description>
        
        <dc:creator>zzossig</dc:creator>
        
        
        
        
        
        
      </item>
      
      <item>
        <title>shortcodes</title>
        <link>http://example.org/tags/shortcodes/</link>
        <pubDate>Thu, 19 Dec 2019 12:00:06 +0900</pubDate>
        <author>zzossig@gmail.com (zzossig)</author>
        
        <guid>http://example.org/tags/shortcodes/</guid>
        <description></description>
        
        <dc:creator>zzossig</dc:creator>
        
        
        
        
        
        
      </item>
      
      <item>
        <title>hugo</title>
        <link>http://example.org/tags/hugo/</link>
        <pubDate>Wed, 18 Dec 2019 10:33:41 +0900</pubDate>
        <author>zzossig@gmail.com (zzossig)</author>
        
        <guid>http://example.org/tags/hugo/</guid>
        <description></description>
        
        <dc:creator>zzossig</dc:creator>
        
        
        
        
        
        
      </item>
      
      <item>
        <title>amoji</title>
        <link>http://example.org/tags/amoji/</link>
        <pubDate>Mon, 16 Dec 2019 12:00:06 +0900</pubDate>
        <author>zzossig@gmail.com (zzossig)</author>
        
        <guid>http://example.org/tags/amoji/</guid>
        <description></description>
        
        <dc:creator>zzossig</dc:creator>
        
        
        
        
        
        
      </item>
      
      <item>
        <title>bamoji</title>
        <link>http://example.org/tags/bamoji/</link>
        <pubDate>Mon, 16 Dec 2019 12:00:06 +0900</pubDate>
        <author>zzossig@gmail.com (zzossig)</author>
        
        <guid>http://example.org/tags/bamoji/</guid>
        <description></description>
        
        <dc:creator>zzossig</dc:creator>
        
        
        
        
        
        
      </item>
      
      <item>
        <title>emoji</title>
        <link>http://example.org/tags/emoji/</link>
        <pubDate>Mon, 16 Dec 2019 12:00:06 +0900</pubDate>
        <author>zzossig@gmail.com (zzossig)</author>
        
        <guid>http://example.org/tags/emoji/</guid>
        <description></description>
        
        <dc:creator>zzossig</dc:creator>
        
        
        
        
        
        
      </item>
      
      <item>
        <title>gamoji</title>
        <link>http://example.org/tags/gamoji/</link>
        <pubDate>Mon, 16 Dec 2019 12:00:06 +0900</pubDate>
        <author>zzossig@gmail.com (zzossig)</author>
        
        <guid>http://example.org/tags/gamoji/</guid>
        <description></description>
        
        <dc:creator>zzossig</dc:creator>
        
        
        
        
        
        
      </item>
      
      <item>
        <title>namoji</title>
        <link>http://example.org/tags/namoji/</link>
        <pubDate>Mon, 16 Dec 2019 12:00:06 +0900</pubDate>
        <author>zzossig@gmail.com (zzossig)</author>
        
        <guid>http://example.org/tags/namoji/</guid>
        <description></description>
        
        <dc:creator>zzossig</dc:creator>
        
        
        
        
        
        
      </item>
      
      <item>
        <title>diagram</title>
        <link>http://example.org/tags/diagram/</link>
        <pubDate>Sun, 17 Nov 2019 12:00:06 +0900</pubDate>
        <author>zzossig@gmail.com (zzossig)</author>
        
        <guid>http://example.org/tags/diagram/</guid>
        <description></description>
        
        <dc:creator>zzossig</dc:creator>
        
        
        
        
        
        
      </item>
      
      <item>
        <title>index</title>
        <link>http://example.org/tags/index/</link>
        <pubDate>Mon, 01 Jan 0001 00:00:00 +0000</pubDate>
        <author>zzossig@gmail.com (zzossig)</author>
        
        <guid>http://example.org/tags/index/</guid>
        <description></description>
        
        <dc:creator>zzossig</dc:creator>
        
        
        
        
        
        
      </item>
      

    
  </channel>
</rss>