<?xml version="1.0" encoding="utf-8" standalone="yes" ?>
<rss version="2.0" 
  xmlns:content="http://purl.org/rss/1.0/modules/content/" 
  xmlns:dc="http://purl.org/dc/elements/1.1/" 
  xmlns:atom="http://www.w3.org/2005/Atom" 
  xmlns:sy="http://purl.org/rss/1.0/modules/syndication/" 
  xmlns:media="http://search.yahoo.com/mrss/">
  <channel>
    <title>misc on Welcome To My Blog</title>
    <link>http://example.org/publication/misc/</link>
    <description>Recent content in misc on Welcome To My Blog</description>
    <generator>Hugo -- gohugo.io</generator>
    <language>en</language>
    <managingEditor>zzossig@gmail.com (zzossig)</managingEditor>
    <webMaster>zzossig@gmail.com (zzossig)</webMaster>
    <copyright>&amp;copy;{year}, All Rights Reserved</copyright>
    <lastBuildDate>Thu, 05 Mar 2020 14:08:48 +0000</lastBuildDate>
    
        <atom:link href="http://example.org/publication/misc/index.xml" rel="self" type="application/rss+xml" />
    
    
    

      
      <item>
        <title>Book Review: Duis vulputate</title>
        <link>http://example.org/publication/misc/misc_any_folder_name_1/</link>
        <pubDate>Tue, 01 Nov 2016 00:00:00 +0000</pubDate>
        <author>zzossig@gmail.com (zzossig)</author>
        <atom:modified>Tue, 01 Nov 2016 00:00:00 +0000</atom:modified>
        <guid>http://example.org/publication/misc/misc_any_folder_name_1/</guid>
        <description></description>
        
        <dc:creator>zzossig</dc:creator>
        
        
        
        
        
        
      </item>
      

    
  </channel>
</rss>