

  
    

[{"ENTRYTYPE":"misc","abstract":"Duis vulputate odio vitae consectetur lacinia. Vivamus tellus nisi, hendrerit eget tortor eget, rutrum lobortis tellus. Donec convallis scelerisque egestas. Vestibulum ex urna, commodo at interdum vitae, malesuada id arcu. Praesent et enim libero. Proin et felis nisi. Duis imperdiet placerat dapibus.","authors":["zzossig","teemo"],"booktitle":null,"id":0,"publication":"abc","publishDate":"2016-11-01T00:00:00Z","shorttitle":"Book Review","tags":null,"title":"Book Review: Duis vulputate","uri":"http://example.org/publication/misc/misc_any_folder_name_1/"}]