<?xml version="1.0" encoding="utf-8" standalone="yes" ?>
<rss version="2.0" 
  xmlns:content="http://purl.org/rss/1.0/modules/content/" 
  xmlns:dc="http://purl.org/dc/elements/1.1/" 
  xmlns:atom="http://www.w3.org/2005/Atom" 
  xmlns:sy="http://purl.org/rss/1.0/modules/syndication/" 
  xmlns:media="http://search.yahoo.com/mrss/">
  <channel>
    <title>Categories on Welcome To My Blog</title>
    <link>http://example.org/categories/</link>
    <description>Recent content in Categories on Welcome To My Blog</description>
    <generator>Hugo -- gohugo.io</generator>
    <language>en</language>
    <managingEditor>zzossig@gmail.com (zzossig)</managingEditor>
    <webMaster>zzossig@gmail.com (zzossig)</webMaster>
    <copyright>&amp;copy;{year}, All Rights Reserved</copyright>
    <lastBuildDate>Mon, 19 Oct 2020 15:05:54 +0000</lastBuildDate>
    
        <atom:link href="http://example.org/categories/index.xml" rel="self" type="application/rss+xml" />
    
    
    

      
      <item>
        <title>math</title>
        <link>http://example.org/categories/math/</link>
        <pubDate>Mon, 19 Oct 2020 15:05:54 +0000</pubDate>
        <author>zzossig@gmail.com (zzossig)</author>
        
        <guid>http://example.org/categories/math/</guid>
        <description></description>
        
        <dc:creator>zzossig</dc:creator>
        
        
        
        
        
        
      </item>
      
      <item>
        <title>Foood</title>
        <link>http://example.org/categories/foood/</link>
        <pubDate>Sun, 18 Oct 2020 15:21:31 +0000</pubDate>
        <author>zzossig@gmail.com (zzossig)</author>
        
        <guid>http://example.org/categories/foood/</guid>
        <description></description>
        
        <dc:creator>zzossig</dc:creator>
        
        
        
        
        
        
      </item>
      
      <item>
        <title>Programming</title>
        <link>http://example.org/categories/programming/</link>
        <pubDate>Sun, 18 Oct 2020 15:21:31 +0000</pubDate>
        <author>zzossig@gmail.com (zzossig)</author>
        
        <guid>http://example.org/categories/programming/</guid>
        <description></description>
        
        <dc:creator>zzossig</dc:creator>
        
        
        
        
        
        
      </item>
      
      <item>
        <title>syntax</title>
        <link>http://example.org/categories/syntax/</link>
        <pubDate>Mon, 20 Apr 2020 12:00:06 +0900</pubDate>
        <author>zzossig@gmail.com (zzossig)</author>
        
        <guid>http://example.org/categories/syntax/</guid>
        <description></description>
        
        <dc:creator>zzossig</dc:creator>
        
        
        
        
        
        
      </item>
      
      <item>
        <title>themes</title>
        <link>http://example.org/categories/themes/</link>
        <pubDate>Mon, 20 Apr 2020 12:00:06 +0900</pubDate>
        <author>zzossig@gmail.com (zzossig)</author>
        
        <guid>http://example.org/categories/themes/</guid>
        <description></description>
        
        <dc:creator>zzossig</dc:creator>
        
        
        
        
        
        
      </item>
      
      <item>
        <title>hugo</title>
        <link>http://example.org/categories/hugo/</link>
        <pubDate>Wed, 18 Dec 2019 10:33:41 +0900</pubDate>
        <author>zzossig@gmail.com (zzossig)</author>
        
        <guid>http://example.org/categories/hugo/</guid>
        <description></description>
        
        <dc:creator>zzossig</dc:creator>
        
        
        
        
        
        
      </item>
      
      <item>
        <title>diagram</title>
        <link>http://example.org/categories/diagram/</link>
        <pubDate>Mon, 18 Nov 2019 21:00:06 +0900</pubDate>
        <author>zzossig@gmail.com (zzossig)</author>
        
        <guid>http://example.org/categories/diagram/</guid>
        <description></description>
        
        <dc:creator>zzossig</dc:creator>
        
        
        
        
        
        
      </item>
      

    
  </channel>
</rss>