<?xml version="1.0" encoding="utf-8" standalone="yes" ?>
<rss version="2.0" 
  xmlns:content="http://purl.org/rss/1.0/modules/content/" 
  xmlns:dc="http://purl.org/dc/elements/1.1/" 
  xmlns:atom="http://www.w3.org/2005/Atom" 
  xmlns:sy="http://purl.org/rss/1.0/modules/syndication/" 
  xmlns:media="http://search.yahoo.com/mrss/">
  <channel>
    <title>syntax on Welcome To My Blog</title>
    <link>http://example.org/categories/syntax/</link>
    <description>Recent content in syntax on Welcome To My Blog</description>
    <generator>Hugo -- gohugo.io</generator>
    <language>en</language>
    <managingEditor>zzossig@gmail.com (zzossig)</managingEditor>
    <webMaster>zzossig@gmail.com (zzossig)</webMaster>
    <copyright>&amp;copy;{year}, All Rights Reserved</copyright>
    <lastBuildDate>Mon, 20 Apr 2020 12:00:06 +0900</lastBuildDate>
    
        <atom:link href="http://example.org/categories/syntax/index.xml" rel="self" type="application/rss+xml" />
    
    
    

      
      <item>
        <title>Markdown Syntax Guide</title>
        <link>http://example.org/posts/hello-world/</link>
        <pubDate>Mon, 20 Apr 2020 12:00:06 +0900</pubDate>
        <author>zzossig@gmail.com (zzossig)</author>
        <atom:modified>Mon, 20 Apr 2020 12:00:06 +0900</atom:modified>
        <guid>http://example.org/posts/hello-world/</guid>
        <description>Just another blog post</description>
        
        <dc:creator>Choi</dc:creator>
        <media:content url="http://example.orgimages/feature1/markdown.png" medium="image"><media:title type="html">featured image</media:title></media:content>
        
        
        
          
            
              <category>markdown</category>
            
          
            
              <category>css</category>
            
          
            
              <category>html</category>
            
          
            
              <category>themes</category>
            
          
        
        
          
            
              <category>themes</category>
            
          
            
              <category>syntax</category>
            
          
        
        
          
            
              <category>Themes Guide</category>
            
          
        
      </item>
      
      <item>
        <title>Markdown Syntax Guide</title>
        <link>http://example.org/posts/markdown-syntax/</link>
        <pubDate>Fri, 20 Dec 2019 12:00:06 +0900</pubDate>
        <author>zzossig@gmail.com (zzossig)</author>
        <atom:modified>Fri, 20 Dec 2019 12:00:06 +0900</atom:modified>
        <guid>http://example.org/posts/markdown-syntax/</guid>
        <description>&lt;p&gt;This article offers a sample of basic Markdown syntax that can be used in Hugo content files, also it shows whether basic HTML elements are decorated with CSS in a Hugo theme.&lt;/p&gt;</description>
        
        <dc:creator>Choi</dc:creator>
        <media:content url="http://example.orgimages/feature1/markdown.png" medium="image"><media:title type="html">featured image</media:title></media:content>
        
        
        
          
            
              <category>markdown</category>
            
          
            
              <category>css</category>
            
          
            
              <category>html</category>
            
          
            
              <category>themes</category>
            
          
        
        
          
            
              <category>themes</category>
            
          
            
              <category>syntax</category>
            
          
        
        
          
            
              <category>Themes Guide</category>
            
          
        
      </item>
      

    
  </channel>
</rss>